axis,mean_abs_pull_bias,mean_pull_width,min_cov1,min_cov2,max_pull_width
Ntag,1.9794091734953503,0.34769124778311716,0.0,0.0,0.700818586946644
dNdEta,2.0188112370990225,0.5183857054617866,0.0,0.0,0.8352135597858248
