keepBins,ratio_refold_rms_mc,ratio_refold_rms_data,k_last_refold_mc,k_last_refold_data,pi_last_refold_mc,pi_last_refold_data,k_last_closure,pi_last_closure,k_last_purity,k_last_stability,pi_last_purity,pi_last_stability,passes_rule
8,0.011828371772198164,0.01110907514730527,0.3325360732638621,0.32696317916272116,0.3427077585803043,0.33555984805874106,0.16419226019501224,0.16719971228329628,0.4542656112576957,0.4891098484848485,0.46584274622314065,0.4801083495306232,0
9,0.013246455297678527,0.014551958152243673,0.1947466709118011,0.18848685015536049,0.20050191482953367,0.18548380064406605,0.0784055896233283,0.08250474189022715,0.410625,0.4168781725888325,0.43351657790757603,0.40744328731734886,0
10,0.017240192624299183,0.034007061199312155,0.10539819516156386,0.12292335309377794,0.1104874353234787,0.11184444413217472,0.018675463850823474,0.019682462681040847,0.20100502512562815,0.20618556701030927,0.24689655172413794,0.23755806237558064,0
